id,name,type,address,category,latitude,longitude,distanceMeters,sequence,description,source_row
B0LU1ZFVHE,蔚景云汽车充电站(茂能石油运营站),汽车服务;充电站;充电站,铁门镇茂能石油好嗨油加油站,新能源重卡充电站,34.7269038407898,112.06931336013794,829,1,3-5家，蔚景云充电站、星星充电、特来电充电,4
B0L0NPR4JP,蔚景云汽车充电站(茂能石油重卡超充站),汽车服务;充电站;充电站,铁门镇茂能石油好嗨油加油站,新能源重卡充电站,34.7269038407898,112.06931336013794,829,2,3-5家，蔚景云充电站、星星充电、特来电充电,4
B0LRN1LQG2,茂能重卡快速充电站,生活服务;生活服务场所;生活服务场所,铁门镇涧川大道与香江路交叉口,新能源重卡充电站,34.726818287658695,112.06981769256592,846,3,3-5家，蔚景云充电站、星星充电、特来电充电,4
B0L3GDHPEW,重卡充电站,汽车服务;充电站;充电站,铁门镇经一路,新能源重卡充电站,34.74647348663331,112.06645236285397,1366,4,3-5家，蔚景云充电站、星星充电、特来电充电,4
B0K2XDC0OZ,蔚景云汽车充电站(庙军庙头重卡充电站),汽车服务;充电站;充电站,铁门镇中国石油新安第2加油站,新能源重卡充电站,34.74720094303895,112.06633046775818,1448,5,3-5家，蔚景云充电站、星星充电、特来电充电,4
B0L2RSLXBA,卓栾重卡充电站,汽车服务;充电站;充电站,民心路13号,新能源重卡充电站,34.749635790451066,112.06477060398863,1737,6,3-5家，蔚景云充电站、星星充电、特来电充电,4
B0LUJ7AYP7,特来电汽车充电站(洛阳新安卓栾建材重卡充电站),汽车服务;充电站;专用充电站,铁门镇鼎鑫商砼有限公司,新能源重卡充电站,34.75186063650513,112.06406850997924,1992,7,3-5家，蔚景云充电站、星星充电、特来电充电,4
B0LAX14N6L,汽车充电站(昌通星星重卡充电站),汽车服务;充电站;充电站,铁门镇多力通轮胎,新能源重卡充电站,34.74789874261475,112.0467791201782,2467,8,3-5家，蔚景云充电站、星星充电、特来电充电,4
B0LKF7UB34,新电途汽车充电站(跃盛建材厂区自用),汽车服务;充电站;充电站,铁门镇盐仓村,新能源重卡充电站,34.712033839340215,112.0652408655548,2491,9,3-5家，蔚景云充电站、星星充电、特来电充电,4
B0LR05MSKW,特来电超级充电站(特来电洛阳超跃新能源科技有限公司充电站),汽车服务;充电站;专用充电站,铁门镇超达停车服务有限公司恒信化验,新能源重卡充电站,34.74778482162476,112.04588631362915,2524,10,3-5家，蔚景云充电站、星星充电、特来电充电,4
B0KK9XSBWM,蔚景云汽车充电站(硕鼎铁门重卡充电站),汽车服务;充电站;充电站,铁门镇恒信化验,新能源重卡充电站,34.747797196273815,112.04480897438047,2605,11,3-5家，蔚景云充电站、星星充电、特来电充电,4
B0K0V5HE45,汽车充电站(超达重卡充电站),汽车服务;充电站;充电站,汽车充电站(超达重卡充电站),新能源重卡充电站,34.74847179437256,112.04514208746338,2624,12,3-5家，蔚景云充电站、星星充电、特来电充电,4
B0LDD7HDI0,特来电汽车充电站(特来电洛阳新安钢厂院重卡充电站),汽车服务;充电站;专用充电站,汉关街道智鑫钢材河南兴安线材有限公司,新能源重卡充电站,34.74086133956911,112.09759527847292,2804,13,3-5家，蔚景云充电站、星星充电、特来电充电,4
B0MD95PCIO,特来电汽车充电站(特来电洛阳新安蔡庄天久重卡充电站),汽车服务;充电站;专用充电站,铁门镇G30连霍高速,新能源重卡充电站,34.75757793190003,112.03424655464173,4036,14,3-5家，蔚景云充电站、星星充电、特来电充电,4
B0KR7SJ7BL,云快充超级充电站(源远轻卡充电站),汽车服务;充电站;充电站,"东高速路口北150米,230国道东侧",新能源重卡充电站,35.73726285591127,114.65127775868224,4724,1,,5
B0LUTC6A3B,云快充超级充电站(源远重卡充电站),汽车服务;充电站;充电站,"东高速路口北150米,230国道东侧",新能源重卡充电站,35.7365676379242,114.65098840718076,4800,2,,5
B0J0CUCR7K,特来电超级充电站(特来电华久新能源重卡氢油气电站),汽车服务;充电站;充电站,中原路1号(定鼎大道与中原路交叉口西200米路北),新能源重卡充电站,34.903829022918714,112.54599984896848,586,1,特来电华久新能源,6
B0L3AUVJN9,特来电汽车充电站(济源S310坡头重卡充电站),汽车服务;充电站;充电站,坡头镇宏发路30正坡头镇第一幼儿园,新能源重卡充电站,34.92202772761536,112.52314860267644,2716,2,特来电华久新能源,6
B0LGLB6RIJ,汽车充电站(洛阳市铭鑫重卡充电站),汽车服务;充电站;充电站,人民路160号,新能源重卡充电站,34.676137552169806,112.81153346119687,282,1,星星充电偃师区通达电缆重卡充电站,7
B0KKT1SJH9,星星充电汽车充电站(铭鑫重卡充电站),汽车服务;充电站;充电站,顾县镇539省道与南环路交叉口向南100米路西,新能源重卡充电站,34.67344402354431,112.81209377726744,372,2,星星充电偃师区通达电缆重卡充电站,7
B0MAO5J345,云快充超级充电站(洛阳优能充电站),汽车服务;充电站;充电站,顾县镇曲家寨村口向西50米路南(非凡电缆门口),新能源重卡充电站,34.666245819290154,112.79312612617493,1734,3,星星充电偃师区通达电缆重卡充电站,7
B0M6S61OIO,云快充汽车充电站(回郭镇恒安快速充电站),汽车服务;充电站;充电站,人民路与东阁街交叉口西140米,新能源重卡充电站,34.674006911544794,112.84767948814394,3569,4,星星充电偃师区通达电缆重卡充电站,7
B0MBF78L0P,启充云汽车充电站(尚義快充),汽车服务;充电站;充电站,伊洛街道建业森林半岛27幢102、202号,新能源重卡充电站,34.70340811785889,112.78381140008544,3878,5,星星充电偃师区通达电缆重卡充电站,7
B0L07G13ZI,新电途汽车充电站(漯河筑城重卡站),汽车服务;充电站;充电站,将军路,新能源重卡充电站,33.67524959965516,113.77148232200624,702,1,,9
B0MGM59BXV,新电途汽车充电站(中周宾馆重卡充电站小车禁充),汽车服务;充电站;充电站,裴城镇325省道,新能源重卡充电站,33.660374376144404,113.78461231916808,1356,2,,9
B0LUFL26CV,新电途汽车充电站(中周宾馆重卡充电站小车禁充),汽车服务;充电站;充电站,裴城镇中周宾馆充电站,新能源重卡充电站,33.65923152055359,113.7852548069,1493,3,,9
B0M69G8IFX,云快充超级充电站(宏旭公牛重卡站),汽车服务;充电站;充电站,裴城镇漯河市宏旭建材有限公司,新能源重卡充电站,33.68188716099549,113.76281940925598,1776,4,,9
B0L2O5VVKE,新电途汽车充电站(科靖重卡超充站),汽车服务;充电站;充电站,太尉镇关小寨,新能源重卡充电站,33.64519243614196,113.7353819542694,4610,5,,9
B0L32M31CO,特来电汽车充电站(漯河市政集团新店镇金顺重卡公共充电站),汽车服务;充电站;充电站,新店镇325省道,新能源重卡充电站,33.63979163067628,113.81508849456787,4969,6,,9
B0L0HZPHCL,惠利充汽车充电站(安阳林州星程光储充重卡超级充电站),汽车服务;充电站;充电站,横水镇德宁保温建材,新能源重卡充电站,36.06184360807801,113.89172073051452,465,1,,15
B0LDD7HDHY,特来电汽车充电站(特来电安阳林州星程光储充重卡超级充电站),汽车服务;充电站;充电站,横水镇禾丰农牧有限公司(林州服务区)南侧170米,新能源重卡充电站,36.06165858900451,113.89157455885314,473,2,,15
B0MBBGVLPI,惠利充汽车充电站(恒风重卡1号站),汽车服务;充电站;充电站,横水镇德宁保温建材,新能源重卡充电站,36.06188154132081,113.89156051116944,480,3,,15
B0M6XUROK1,惠利充汽车充电站(恒风重卡站),汽车服务;充电站;充电站,横水镇德宁保温建材,新能源重卡充电站,36.06188154132081,113.89156051116944,480,4,,15
B0LR05M8IO,特来电汽车充电站(特来电安阳林州S226省道新能源重卡充电站),汽车服务;充电站;专用充电站,横水镇虎盟汽修,新能源重卡充电站,36.08046091871643,113.8960939920807,2207,5,,15
B0L1X1SJDH,新电途汽车充电站(林州市秒能快充集中式快速充电站有限公司),汽车服务;充电站;充电站,鲁班大道林丰汽修园园内,新能源重卡充电站,36.09962002914429,113.8762405848694,4713,6,,15
B0LUOSGY8D,秒能重卡充电站,生活服务;生活服务场所;生活服务场所,鲁班大道55号,新能源重卡充电站,36.099705076828,113.87628967070007,4720,7,,15
B0LG67ICDU,汽车充电站(林州市禾电能源重卡充电站),汽车服务;充电站;充电站,鲁班大道55号,新能源重卡充电站,36.10003796238709,113.87625557533266,4756,8,,15
B0LG6MHKSP,林州市禾电能源重卡充电站,公司企业;公司;公司,227省道与致远大道交叉口南460米,新能源重卡充电站,36.100449561843874,113.87595790776064,4808,9,,15
B0L0HZPHCL,惠利充汽车充电站(安阳林州星程光储充重卡超级充电站),汽车服务;充电站;充电站,横水镇德宁保温建材,新能源重卡充电站,36.06184360807801,113.89172073051452,4351,1,5公里内有4个充电桩，为两个大站，两个小站,16
B0LDD7HDHY,特来电汽车充电站(特来电安阳林州星程光储充重卡超级充电站),汽车服务;充电站;充电站,横水镇禾丰农牧有限公司(林州服务区)南侧170米,新能源重卡充电站,36.06165858900451,113.89157455885314,4363,2,5公里内有4个充电桩，为两个大站，两个小站,16
B0MBBGVLPI,惠利充汽车充电站(恒风重卡1号站),汽车服务;充电站;充电站,横水镇德宁保温建材,新能源重卡充电站,36.06188154132081,113.89156051116944,4366,3,5公里内有4个充电桩，为两个大站，两个小站,16
B0M6XUROK1,惠利充汽车充电站(恒风重卡站),汽车服务;充电站;充电站,横水镇德宁保温建材,新能源重卡充电站,36.06188154132081,113.89156051116944,4366,4,5公里内有4个充电桩，为两个大站，两个小站,16
B0LR05M8IO,特来电汽车充电站(特来电安阳林州S226省道新能源重卡充电站),汽车服务;充电站;专用充电站,横水镇虎盟汽修,新能源重卡充电站,36.08046091871643,113.8960939920807,4661,5,5公里内有4个充电桩，为两个大站，两个小站,16
B0LD61JIVV,星星充电汽车充电站【重卡】(河南胜祥新能源汽车充电站二期),汽车服务;充电站;充电站,邺城大道秋口路交叉口东170米路南,新能源重卡充电站,36.14833429986573,114.29186123309329,93,1,"场内已有一个10台桩的重卡充电站，
其他附近5公里有5个充电站",17
B0K2A6QV6V,星星充电汽车充电站【重卡】(河南胜祥新能源汽车充电站一期),汽车服务;充电站;充电站,邺城大道秋口路交叉口东170米路南,新能源重卡充电站,36.14854216499329,114.29262336524964,141,2,"场内已有一个10台桩的重卡充电站，
其他附近5公里有5个充电站",17
B0MA9N9G7N,云快充超级充电站(畅行重卡充电1站),汽车服务;充电站;充电站,西郊乡邺城大道与华祥路交叉口东南角,新能源重卡充电站,36.148867218048096,114.27810200143432,1172,3,"场内已有一个10台桩的重卡充电站，
其他附近5公里有5个充电站",17
B0MGM67UUM,云快充超级充电站(虹一充电站安钢站),汽车服务;充电站;充电站,虹一重卡充电站(安钢站),新能源重卡充电站,36.14107269485473,114.27200970169064,1931,4,"场内已有一个10台桩的重卡充电站，
其他附近5公里有5个充电站",17
B0MA9N9G7X,云快充超级充电站(畅行重卡充电3站),汽车服务;充电站;充电站,西郊乡邺城大道与华祥路交叉口东南角,新能源重卡充电站,36.150593648529046,114.26781570169068,2104,5,"场内已有一个10台桩的重卡充电站，
其他附近5公里有5个充电站",17
B0LAZSUVFT,云快充汽车充电站(畅行重卡2站),汽车服务;充电站;充电站,中国石油昆仑能源LNG加油加气站西北侧140米,新能源重卡充电站,36.15087963899231,114.26775467308045,2113,6,"场内已有一个10台桩的重卡充电站，
其他附近5公里有5个充电站",17
B0LKUNW29V,云快充超级充电站(安阳鹏能充电站),汽车服务;充电站;充电站,安阳鹏能充电站,新能源重卡充电站,36.1503852278595,114.3187250466156,2489,7,"场内已有一个10台桩的重卡充电站，
其他附近5公里有5个充电站",17
B0MDSKCEM5,星星充电汽车充电站(星星充电-中益联北环重卡内部专用不对外),汽车服务;充电站;充电站,邺城大道与中心大街交叉口,新能源重卡充电站,36.150488113418575,114.31876497032168,2494,8,"场内已有一个10台桩的重卡充电站，
其他附近5公里有5个充电站",17
B0L2HMA727,云快充超级充电站(瑞通重卡充电站),汽车服务;充电站;充电站,北蒙街道邺城大道屈王度转盘西南角1号院,新能源重卡充电站,36.14875468299865,114.33073240910342,3565,9,"场内已有一个10台桩的重卡充电站，
其他附近5公里有5个充电站",17
B0IDMCXR4T,中国铁塔电动汽车充电站(恒飞站),汽车服务;充电站;充电站,华祥路13号地面停车场,新能源重卡充电站,36.12128617030336,114.2695435341034,3642,10,"场内已有一个10台桩的重卡充电站，
其他附近5公里有5个充电站",17
B0MBACA57B,云快充充电站(安阳鑫佳充电站),汽车服务;充电站;充电站,安姚路东段路西100米,新能源重卡充电站,36.15507356948852,114.24526581344608,4178,11,"场内已有一个10台桩的重卡充电站，
其他附近5公里有5个充电站",17
B0LAMXEVHO,特来电汽车充电站(特来电焦作沁阳236省道飞乐重卡充电站),汽车服务;充电站;专用充电站,怀庆街道,新能源重卡充电站,35.123882925811785,112.94123431808472,1145,1,附近5公里有3个重卡充电站,18
B0KK04A3MG,力氪汽车充电站(嘉福新能源),汽车服务;充电站;充电站,310省道与236省道交叉口西南240米,新能源重卡充电站,35.132538339996344,112.93775164230348,1956,2,附近5公里有3个重卡充电站,18
B0K2771M1G,云快充超级充电站(沁阳市和运充电站二期),汽车服务;充电站;充电站,怀庆街道马巷村西沁伏路西02号,新能源重卡充电站,35.14076189590455,112.93932114096071,2613,3,附近5公里有3个重卡充电站,18
B0L664E6J6,云快充超级充电站(速捷新能源充电站),汽车服务;充电站;充电站,怀庆街道徐巷村宾鹏加油站,新能源重卡充电站,35.144386316909795,112.94032436576845,2938,4,附近5公里有3个重卡充电站,18
B0LK2PPMGN,星星充电汽车充电站(星星充电-G327博爱原庄重卡超充站),汽车服务;充电站;充电站,G327立阳种植专业合作社东50米,新能源重卡充电站,35.13186907888793,112.98374870834348,3111,5,附近5公里有3个重卡充电站,18
B0LBFUTGYO,力氪汽车充电站(泓博快速充电站),汽车服务;充电站;充电站,福会驾驶员培训有限公司北(S238西),新能源重卡充电站,35.15257903219606,112.93882506466676,3838,6,附近5公里有3个重卡充电站,18
B0MD95OXIS,特来电汽车充电站(特来电焦作沁阳选发运输重卡充电站),汽车服务;充电站;专用充电站,西万镇官庄屯村北路东100米,新能源重卡充电站,35.15946550227356,112.94129043663024,4511,7,附近5公里有3个重卡充电站,18
B0LDXBC83C,闪象智充汽车充电站(众聚达超充),汽车服务;充电站;充电站,大冶镇343国道,新能源重卡充电站,34.4054725189972,113.21336866371156,1900,1,,19
B0LUGSAMFL,云快充超级充电站(登封刘碑充电站),汽车服务;充电站;充电站,东刘碑文化大院西400米(石淙路),新能源重卡充电站,34.40682678207398,113.193375599823,2342,2,,19
B0LKMP4NYA,新电途汽车充电站(云畅途二号重卡充电站),汽车服务;充电站;充电站,二号陈家庄北146米,新能源重卡充电站,34.39625997528076,113.24062480120853,3164,3,,19
B0M6968T33,达克云充电站(登封市鑫顺矿业重卡充电站),汽车服务;充电站;充电站,达克云充电站(登封市鑫顺矿业重卡充电站),新能源重卡充电站,34.361781583099365,113.18769542001344,3534,4,,19
B0LKML73OL,新电途汽车充电站(云畅途一号重卡充电站),汽车服务;充电站;充电站,宣化镇马庄,新能源重卡充电站,34.39840526138305,113.2487284687805,3945,5,,19
B0LUNX7E1P,云快充超级充电站(丰鑫重卡充电站),汽车服务;充电站;充电站,告成镇冶上桥向北30米,新能源重卡充电站,34.370989423873894,113.1686494896698,4072,6,,19
B0L2MBX6KB,闪象智充汽车充电站(跃瑞重卡),汽车服务;充电站;充电站,阳晨超市东南350米,新能源重卡充电站,34.369550746765135,113.16787804962158,4214,7,,19
B0L0DBM9R9,云快充汽车充电站(囿序承充电站),汽车服务;充电站;充电站,楚旺镇小屯路口和213国道交叉路口山西刀削面,新能源重卡充电站,36.07596115046691,114.87443834449768,3038,1,,20
B0LUTS6GK1,云快充超级充电站(内黄县惠康重卡充电站),汽车服务;充电站;充电站,北高速口向南300米万达公司门口(帝喾大道东),新能源重卡充电站,36.016343026428224,114.87492108697508,3725,2,,20
B0L3PPG0H6,均悦充(睢县斑马超级快充站)司机驿站(轻/重卡)充电站,汽车服务;充电站;充电站,睢州大道与古襄路交叉口东100米,新能源重卡充电站,34.43075586027528,115.04900384959411,2183,1,,21
B0LK6CKASJ,星星充电汽车充电站(星星充电-睢县中国石化鼎泰加油站重卡充电站),汽车服务;充电站;充电站,河集乡香张村S211与343交叉口东北角中国石化睢县鼎泰加油站,新能源重卡充电站,34.40795963528441,115.03558929763794,2460,2,,21
B0LAT73LBC,腾付充汽车充电站(睿陶重卡充电站),汽车服务;充电站;充电站,鹤浚公路002号,新能源重卡充电站,35.86315860476684,114.2032386474304,237,1,,22
B0KKVCMPSQ,云快充超级充电站(百特瑞超快重卡充电站退役军人停车场),汽车服务;充电站;充电站,东大线路西,新能源重卡充电站,35.87624456254578,114.20376058067322,1266,2,,22
B0LR1BSY8M,中国石化汽车充电站(中国石化鹤翔重卡充电站),汽车服务;充电站;充电站,鹤璧市大白线北段西扒厂村北200米路东,新能源重卡充电站,35.85014958023072,114.20261941854858,1654,3,,22
B0LDDXB370,特来电汽车充电站(特来电鹤壁平原运输后营重卡充电站),汽车服务;充电站;专用充电站,宝山街道葛嘴线,新能源重卡充电站,35.88083931051635,114.2024817564392,1786,4,,22
B0KKDU5STY,力氪汽车充电站(万泓丰鹤充电站),汽车服务;充电站;充电站,河南省鹤壁市山城区Y010与宝马大道交叉口东南方向962米中铂建材有限公司,新能源重卡充电站,35.852423419616706,114.18293517083742,2403,5,,22
B0LACKDI6H,金冠智充汽车充电站(鹤壁煌冠重卡充电站),汽车服务;充电站;充电站,山城路与牟山大道交叉口同力停车场院内5号,新能源重卡充电站,35.86567911863708,114.17149271186828,2994,6,,22
B0LD3XLMXA,云快充超级充电站(鹤壁市山城区东环集中式快速充电站),汽车服务;充电站;充电站,富昌农机公司东(东大线),新能源重卡充电站,35.89624218653869,114.20527731636048,3489,7,,22
B0LUBRKDED,云快充超级充电站(巨电新能源重卡超级充电站东大线站),汽车服务;充电站;充电站,葛嘴线与302省道交叉口向东50米路南,新能源重卡充电站,35.89749585411071,114.20597897575378,3630,8,,22
B0LBA7IZ44,云快充超级充电站(安阳顺沣充电站),汽车服务;充电站;充电站,水冶镇大白线与341国道交叉口向西500米路北,新能源重卡充电站,36.107476788208,114.10810894836423,335,1,,23
B0MD95PCHQ,特来电汽车充电站(特来电安阳远山水泥重卡充电站),汽车服务;充电站;专用充电站,彰武街道远山水泥,新能源重卡充电站,36.103005883575435,114.10562633529662,556,2,,23
B0LDVX9VXQ,"特来电重卡汽车充电站,不支持私家小车充电",汽车服务;充电站;充电站,水冶镇大白线与G341交叉口西200米A01号,新能源重卡充电站,36.10703348574829,114.11144369766237,638,3,,23
B0LDDX7VJ1,云快充超级充电站(和谐货车充电站大白线站),汽车服务;充电站;充电站,水冶镇安林路(S301)与大白线(S221)交叉口向南200米路东院内,新能源重卡充电站,36.11381993807984,114.10704086935426,699,4,,23
B0LROBVSMP,云快充超级充电站(存鑫新能源充电站),汽车服务;充电站;充电站,许家沟乡黄口村向东150米路北106号院内,新能源重卡充电站,36.115735925827025,114.09719165550231,1086,5,,23
B0LRG1U043,星星充电汽车充电站(星星充电-安阳黄口水泥厂重卡超充站),汽车服务;充电站;充电站,301省道与黄口中心路交叉口西北140米黄口水泥厂工会委员会,新能源重卡充电站,36.11631205934143,114.09476491981503,1275,6,,23
B0LKLP7NUF,星星充电汽车充电站(星星充电-安阳黄口水泥厂重卡超充站2),汽车服务;充电站;充电站,301省道与黄口中心路交叉口西北140米黄口水泥厂工会委员会,新能源重卡充电站,36.11631205934143,114.09476491981503,1275,7,,23
B0MGBPSBQN,星星充电汽车充电站(星星充电-昕兴超充2号充电站),汽车服务;充电站;充电站,许家沟乡安林路与三河路交叉口向东50米路北2号大院,新能源重卡充电站,36.10664606610107,114.07709357513426,2460,8,,23
B0MGBPSBQC,星星充电汽车充电站(星星充电-昕兴超充站),汽车服务;充电站;充电站,许家沟乡安林路与三河路交叉口向东50米路北2号大院,新能源重卡充电站,36.10664606610107,114.07709357513426,2460,9,,23
B0MUF1I9X4,特来电汽车充电站(特来电安阳飞凰新能源重卡充电站),汽车服务;充电站;专用充电站,许家沟乡下堡村,新能源重卡充电站,36.099619725494385,114.07700439529415,2632,10,,23
B0K035Z3N5,汽车充换电站(启源充换电站安阳安林路站),汽车服务;充电站;充换电站,G341与河西桥交叉口正西方向126米左右,新能源重卡充电站,36.10598091758728,114.07443176722715,2704,11,,23
B0L2SL6RXQ,嘉合重卡超充电站,汽车服务;充电站;充电站,安林路河西桥往西200米路北院内,新能源重卡充电站,36.105404403961174,114.07409300564574,2740,12,,23
B0M6MNUJCK,云快充超级充电站(安阳禾银企业管理有限公司龙安分公司充电站),汽车服务;充电站;充电站,彰武街道S225省道东龙山村段南150米16号,新能源重卡充电站,36.08421212467955,114.11547263359068,2819,13,,23
B0LRM7ZLD5,特来电汽车充电站(特来电安阳智飞重卡充电站),汽车服务;充电站;充电站,水冶镇221省道向西30米临化水泥厂东门88号,新能源重卡充电站,36.13112333183289,114.0918766773224,2819,14,,23
B0L0BOVSQ9,星星充电汽车充电站(凯盛达重卡超充站),汽车服务;充电站;充电站,许家沟乡奥通轮胎补胎(志刚轮胎大全),新能源重卡充电站,36.104063751192086,114.07228615839956,2920,15,,23
B0MGHPSDVJ,星星充电汽车充电站(建桥重卡超充站),汽车服务;充电站;充电站,许家沟乡下堡村8号,新能源重卡充电站,36.09658776771545,114.074655701828,2958,16,,23
B0MAFKSN9B,星星充电汽车充电站(安阳迎辉重卡充电站),汽车服务;充电站;充电站,水冶镇红罗山西200米路南29号,新能源重卡充电站,36.131279988449094,114.1250755844879,3194,17,,23
B0LR05MGAY,特来电汽车充电站(特来电安阳骏达井家庄重卡充电站),汽车服务;充电站;专用充电站,水冶镇221省道,新能源重卡充电站,36.137475645187365,114.08963005607605,3550,18,,23
B0LBFUTGYD,汽车充电站(左右重卡站),汽车服务;充电站;充电站,彰武街道西高平村村北102号,新能源重卡充电站,36.10846623075868,114.15293674220274,4354,19,,23
B0L6LCGPV5,力氪汽车充电站(景源充电站),汽车服务;充电站;充电站,安阳百进物资有限责任公司北50米(水东线东),新能源重卡充电站,36.149666181991584,114.09660942118832,4702,20,,23
B0JKY7BVAM,中国石化汽车充电站(中国石化北岗充电站),汽车服务;充电站;充电站,金谷春大道公路管理局对面,新能源重卡充电站,32.45496226268006,115.40743772114564,3710,1,,25
B0L24PN3BR,特来电汽车充电站(特来电郑州登封东华镇工业园重卡充电站),汽车服务;充电站;专用充电站,东华镇园区路,新能源重卡充电站,34.36659165565491,113.05515172682188,842,1,,26
B0LUTU489H,新电途汽车充电站(攀盛重卡超充站),汽车服务;充电站;充电站,东华镇南店村10组,新能源重卡充电站,34.36599855621337,113.05701310150144,1024,2,,26
B0LGKCPPSQ,闪象智充汽车充电站(智鑫重卡充电站),汽车服务;充电站;充电站,东华镇登徐线中联水泥厂东750米,新能源重卡充电站,34.37397316940309,113.07094271743776,2355,3,,26
B0L24PN3BR,特来电汽车充电站(特来电郑州登封东华镇工业园重卡充电站),汽车服务;充电站;专用充电站,东华镇园区路,新能源重卡充电站,34.36659165565491,113.05515172682188,2783,1,,27
B0LUTU489H,新电途汽车充电站(攀盛重卡超充站),汽车服务;充电站;充电站,东华镇南店村10组,新能源重卡充电站,34.36599855621337,113.05701310150144,2927,2,,27
B0LGKCPPSQ,闪象智充汽车充电站(智鑫重卡充电站),汽车服务;充电站;充电站,东华镇登徐线中联水泥厂东750米,新能源重卡充电站,34.37397316940309,113.07094271743776,3237,3,,27
B0IDZLCNN1,汽车充电站(益辉新能源),汽车服务;充电站;充电站,237省道与天宝路,新能源重卡充电站,34.045214634124775,113.73707312747192,2075,1,,28
B0LKUC0FPW,新电途汽车充电站(许昌鼎弘混凝土有限公司建安区分公司)(暂停营业),汽车服务;充电站;充电站,S235辅路鼎弘商砼,新能源重卡充电站,34.041631232223516,113.74270743400574,2695,2,,28
B0MGABBJSF,腾付充汽车充电站(邦博重卡超充站),汽车服务;充电站;充电站,颖昌街道,新能源重卡充电站,34.04256012596131,113.74683894081116,3023,3,,28
B0L6ZBYRH0,许禹路充电站,汽车服务;充电站;充电站,许禹路与西环交汇处西北角,新能源重卡充电站,34.03658103874207,113.7663598617096,4939,4,,28
B0MD5CWMOK,星星充电汽车充电站(星星充电-禹州芯达重卡充电站2号站),汽车服务;充电站;充电站,文信路151号,新能源重卡充电站,34.07128664544678,113.46800774700928,822,1,,29
B0K06D9XBU,星星充电汽车充电站(星星充电-禹州芯达重卡充电站),汽车服务;充电站;充电站,文信路151号,新能源重卡充电站,34.071289635910034,113.46800273747252,822,2,,29
B0L0PM0I69,云快充汽车充电站(岗马北烟站),汽车服务;充电站;充电站,吕梁路与御史路交叉口北100米白霜超市路口,新能源重卡充电站,34.05506350100708,113.46872384780885,1523,3,,29
B0L3BCEOKN,惠利充超级充电站(新龙重卡充电站),汽车服务;充电站;充电站,梁北镇黑龙庙学校禹州市顺德洁具有限公司,新能源重卡充电站,34.088308712356564,113.4553073480072,2983,4,,29
B0LG0S4B7X,云快充超级充电站(禹州市梁北镇箕阿村充电站),汽车服务;充电站;充电站,梁北镇箕阿村,新能源重卡充电站,34.10088367134094,113.47016691456604,3753,5,,29
B0LRRGJ9JK,特来电汽车充电站(特来电郑州浩通物流园重卡充电站),汽车服务;充电站;专用充电站,岳村镇地面停车场(出入口)四季安物流浩通物流园,新能源重卡充电站,34.55535276734924,113.49709083259582,560,1,,30
B0LGMAESUK,星星充电汽车充电站(星星充电-新密岳村重卡充电站),汽车服务;充电站;充电站,岳村镇郑登快速路,新能源重卡充电站,34.56494291184998,113.4929537046051,1492,2,,30
B0LUTP4TU9,特来电汽车充电站(特来电郑州新密白寨二马轩重卡充电站),汽车服务;充电站;专用充电站,郑登快速路白寨镇王寨河村,新能源重卡充电站,34.57564297975159,113.51256908302308,2507,3,,30
B0KKT7NNS4,特来电超级充电站(特来电郑州新密白寨凯发重卡充电站),汽车服务;充电站;专用充电站,白寨镇郑登快速路,新能源重卡充电站,34.5786273966217,113.51523902030944,2904,4,,30
B0LAH7HZZR,特来电汽车充电站(郑州新密岳村玖禾电重卡充电站),汽车服务;充电站;专用充电站,岳村镇司家门村郑登快速路S321交叉口东南角,新能源重卡充电站,34.53236097866822,113.47963267892456,3262,5,,30
B0L2AB0CHN,云快充超级充电站(朗晋新密观音堂重卡充电站),汽车服务;充电站;充电站,云快充超级充电站(朗晋新密观音堂重卡充电站),新能源重卡充电站,34.52678919200135,113.5221776441498,3547,6,,30
B0LRAP0G4H,特来电汽车充电站(特来电郑州新密白寨万禾重卡超充站),汽车服务;充电站;专用充电站,白寨镇郑登快速路白寨派出所东侧院内,新能源重卡充电站,34.58660926307679,113.51987576683044,3887,7,,30
B0LDN72KVS,特来电汽车充电站(特来电郑州新密S316省道伟震重卡充电站),汽车服务;充电站;专用充电站,岳村镇316省道,新能源重卡充电站,34.54224312063599,113.45786633047486,4349,8,,30
B0LA7PL6UC,新电途汽车充电站(三峰购物广场充电站),汽车服务;充电站;充电站,三峰购物广场,新能源重卡充电站,34.19073688430785,113.9344225566101,2810,1,,32
B0LKHOSBMY,新电途汽车充电站(长葛市悦实充电站),汽车服务;充电站;充电站,石象镇车庄,新能源重卡充电站,34.18622112979126,113.96379036880492,2942,2,,32
B0MDYHUI6E,启充云汽车充电站(连庄铺为民充电桩),汽车服务;充电站;充电站,319省道,新能源重卡充电站,34.19131809266663,113.9143200157013,3808,3,,32
B0LK2XS01K,新电途汽车充电站(长葛撸铁新能源充电站),汽车服务;充电站;充电站,石象镇,新能源重卡充电站,34.207183292999275,113.92477766830444,4826,4,,32
B0LGZRRBIQ,新电途汽车充电站(长葛市速能新能源充电站),汽车服务;充电站;充电站,石象镇新107国道和开许路交叉口向南50米路东19号,新能源重卡充电站,34.207183292999275,113.92477766830444,4826,5,,32
B0LDTXVXB4,速能重卡超充站,汽车服务;充电站;充电站,保台线长葛市君益加油站东南侧,新能源重卡充电站,34.20730029299928,113.92473666830446,4840,6,,32
B0MGTR7M4K,新电途汽车充电站(锦添重卡充电站),汽车服务;充电站;充电站,水寨镇龙腾大道河南省伊川县滨河高级中学,新能源重卡充电站,34.430644413101184,112.46175071235658,963,1,,33
B0LAFPYIBP,蔚景云汽车充电站(搭搭充电伊电重卡站),汽车服务;充电站;充电站,伊川宏源气体科技有限公司656号,新能源重卡充电站,34.41875788549805,112.48897276782228,3061,2,,33
B0KKZ7FKMM,云快充超级充电站(鼎正充电站华美快充),汽车服务;充电站;充电站,伊川县鹤鸣大道,新能源重卡充电站,34.4042546667328,112.4221831295929,3759,3,,33
B0LRJBGKGO,云快充超级充电站(百企千联1007号重卡充电站),汽车服务;充电站;充电站,伊电大道与G36宁洛高速出口交叉口西340米,新能源重卡充电站,34.42072158421326,112.50430907957458,4430,4,,33
B0MAGNX7GX,新电途汽车充电站(兴超重卡充电站),汽车服务;充电站;充电站,南环路与洛栾快道红绿灯处大型停车场里,新能源重卡充电站,34.39950839698792,112.41537344569394,4573,5,,33
B0MG4KW1K4,星星充电汽车充电站(赫伊重卡充电站),汽车服务;充电站;充电站,涧水泉,新能源重卡充电站,34.446228413467416,112.41116396888734,4838,6,,33
B0L0YA5RIW,星星充电汽车充电站(周口天然气沈丘东环路加气重卡充电站),汽车服务;充电站;充电站,沙南产业区滨河东路与富康路交叉口,新能源重卡充电站,33.37107404411317,115.11927282762149,1544,1,,34
B0MBTSB3UD,星星充电汽车充电站(星星充电-重卡充电站),汽车服务;充电站;充电站,石槽集乡汽车充电站,新能源重卡充电站,33.368877842453,115.12411161506652,1908,2,,34
B0MD95OUCH,特来电汽车充电站(特来电周口沈丘周钢物流园充电站),汽车服务;充电站;专用充电站,石槽集乡河南安钢周口钢铁公司,新能源重卡充电站,33.363363813751235,115.13840088882446,3214,3,,34
B0L1PU6V3Y,特来电汽车充电站(特来电周口沈丘港重卡充电站),汽车服务;充电站;专用充电站,周营镇沈丘港物流园区刘集作业区,新能源重卡充电站,33.36140466659547,115.14025001687624,3410,4,,34
B0MDM5Y4FS,云快充超级充电站(鹿邑县唐集高速充电站),汽车服务;充电站;充电站,盐洛高速唐集出口对面宾馆楼下,新能源重卡充电站,33.92865832563781,115.07984664527892,1372,1,,35
B0MA65LHDU,云快充汽车充电站(河南盛达快速充电站),汽车服务;充电站;充电站,宋河大道与亚华大道交叉口向南200米(振华驾校),新能源重卡充电站,33.897545105896015,115.46999312042236,1844,1,,36
B0LGXSBNFN,云快充汽车充电站(汽车充电站老子故里收费站北充电站),汽车服务;充电站;充电站,汽车充电站(老子故里收费站北充电站),新能源重卡充电站,33.9274779597454,115.51511393733026,4801,2,,36
B0M676V8HW,云快充超级充电站(恒发重卡充电站),汽车服务;充电站;充电站,大海线与107国道交叉口淇县恒发重卡充电站,新能源重卡充电站,35.59732457992553,114.18002788192749,292,1,,37
B0LGJPN5UG,京能汽车充电站(续发重卡淇县玖洲国际站),汽车服务;充电站;充电站,朝歌路25号,新能源重卡充电站,35.59456850906372,114.18129200180056,463,2,,37
B0LGZ6N98K,星星充电汽车充电站(星星充电-鹤壁市连运运输重卡充电站),汽车服务;充电站;充电站,朝歌街道107国道,新能源重卡充电站,35.59442648452759,114.18286277017214,596,3,,37
B0MDMNXH0F,云快充超级充电站(亚凯重卡充电站2站),汽车服务;充电站;充电站,卫都街道办事处八一路与中华路交叉口向南200米路西3号,新能源重卡充电站,35.60305253507997,114.16788004966736,1079,4,,37
B0MDAN0MY9,云快充超级充电站(亚凯重卡充电站),汽车服务;充电站;充电站,卫都街道办事处八一路与中华路交叉口向南200米路西,新能源重卡充电站,35.60305253507997,114.16788004966736,1079,5,,37
B0M65UJBD7,云快充超级充电站(亚凯重卡充电站1站),汽车服务;充电站;充电站,八一路与中华路交叉口向南200米路西,新能源重卡充电站,35.60305253507997,114.16788004966736,1079,6,,37
B0K3JSCHBN,汽车充电站(恒源重卡充电站),汽车服务;充电站;充电站,中华路与同济大道交叉口北200米,新能源重卡充电站,35.60763049557495,114.16870610006715,1425,7,,37
B0LKT6UUA0,云快充汽车充电站(淇县速能集中式快速充电站店个体工商户),汽车服务;充电站;充电站,南关村桃园路东段路北南门里浴池单枪160千瓦,新能源重卡充电站,35.594493104293825,114.19944738713076,2052,8,,37
B0K1S79YOF,淇县窦氏重卡站,汽车服务;充电站;充电站,窦氏运输有限公司,新能源重卡充电站,35.592832759521485,114.21240208862304,3236,9,,37
B0K16CUOSE,力氪汽车充电站(淇县窦氏重卡站),汽车服务;充电站;充电站,河南淇科检测有限公司南侧50米,新能源重卡充电站,35.59274299794006,114.21254142240906,3250,10,,37
B0MDZN64MV,云快充超级充电站(亚凯重卡充电站3站),汽车服务;充电站;充电站,卫都街道s222省道南水北调桥向西100米处,新能源重卡充电站,35.61125090046691,114.13447435798646,4159,11,,37
B0M6UXT7IE,平高智联超级充电站(小庄重卡充电站),汽车服务;充电站;充电站,天坛街道小庄村,新能源重卡充电站,35.13097396263123,112.55464471138,58,1,,38
B0LK01950L,云快充超级充电站(杰跃重卡超充站),汽车服务;充电站;充电站,直辖县级行政区划丰田路与北环路交叉口西南侧50米,新能源重卡充电站,35.13205611521912,112.55536112281796,79,2,,38
B0L10HDYAA,特来电汽车充电站(特来电济源S307克井柿槟重卡充电站),汽车服务;充电站;充电站,克井镇北环路,新能源重卡充电站,35.13186747351075,112.5576809197998,246,3,,38
B0L66ZADE2,玖运重卡汽车充电站,汽车服务;充电站;充电站,丰田路111号,新能源重卡充电站,35.13122622009277,112.55888336120604,350,4,,38
B0L67KTSNE,蔚景云汽车充电站(济源市宏聚达重卡超充站),汽车服务;充电站;充电站,天坛街道西环路,新能源重卡充电站,35.1298528781891,112.550856357193,415,5,,38
B0JKY7CIID,中国石化汽车充电站(中国石化第二十充电站),汽车服务;充电站;充电站,243省道克井镇柿槟村北(市交警支队第三大队东500米),新能源重卡充电站,35.131054369934084,112.561919045105,627,6,,38
B0MGTZ6F02,星星充电汽车充电站(柿槟物流园充电站二期),汽车服务;充电站;充电站,柿槟物流园北门路对面,新能源重卡充电站,35.1323230960846,112.56394843064882,816,7,,38
B0LU4HWUCL,星星充电汽车充电站(柿槟物流园充电站),汽车服务;充电站;充电站,柿槟物流园北门路对面,新能源重卡充电站,35.1323230960846,112.56394843064882,816,8,,38
B0LARKXXMI,汽车充电站(云快充军盛大型重卡站),汽车服务;充电站;充电站,丰田路111号,新能源重卡充电站,35.139197098922736,112.5530674198456,887,9,,38
B0LBHR0YQG,汽车充电站(特来电重卡超级站),汽车服务;充电站;充电站,丰田路111号,新能源重卡充电站,35.139129895935056,112.55188775909424,908,10,,38
B0LUVXF2N9,特来电汽车充电站(特来电济源北环路豫金重卡充电站),汽车服务;充电站;专用充电站,克井镇柿槟大道珑泽物流有限公司院内,新能源重卡充电站,35.13112361921692,112.56766845787048,1149,11,,38
B0LDR7I83T,特来电汽车充电站(S307济源克井灵山重卡超充站),汽车服务;充电站;充电站,克井镇中国一汽解放商用汽车济源服务站越祥汽车服务有限责任公司,新能源重卡充电站,35.12046078964234,112.5450230152893,1518,12,,38
B0LK15DNJE,特来电汽车充电站(特来电济源丰田路中鑫重卡充电站二站),汽车服务;充电站;专用充电站,克井镇丰田路,新能源重卡充电站,35.14481574473573,112.55187715827942,1523,13,,38
B0LABA38QF,汽车充电站(中国铁塔河南济源博翔建材重卡站),汽车服务;充电站;充电站,柿槟村东,新能源重卡充电站,35.12616361915588,112.57503449052427,1910,14,,38
B0MDSSD8KG,充立方重卡充电站,汽车服务;充电站;充电站,温公街1巷,新能源重卡充电站,35.128171581008914,112.57728660768126,2055,15,,38
B0L3U4G2GY,新电途汽车充电站(天裕新能源充电站),汽车服务;充电站;充电站,克井镇渠马线,新能源重卡充电站,35.16566789741516,112.55261666236876,3826,16,,38
B0I3YLKIU5,云快充超级充电站(云快充济源太阳神充电站),汽车服务;充电站;充电站,济水大街与西二环交叉口,新能源重卡充电站,35.09800467939759,112.52512779618836,4600,17,,38
B0LKODFMO3,特来电超级充电站(济源北环路牡丹园东充电站),汽车服务;充电站;充电站,北海街道北环路济水之源文化旅游区·牡丹园,新能源重卡充电站,35.111900293426515,112.60028981063844,4657,18,,38
B0JKY7ASPX,中国石化超级充电站(第十二充电站),汽车服务;充电站;充电站,沁园路与北环路交叉口(济源牡丹园斜对面),新能源重卡充电站,35.1117901789856,112.60173931472778,4780,19,,38
B0MBFN246U,云快充超级充电站(襄城县润泽工程处充电站),汽车服务;充电站;充电站,库庄镇襄城县工程处加油站附近,新能源重卡充电站,33.8961911070404,113.47556919776916,3916,1,,39
B0LGCXWDT6,云快充超级充电站(鸿启新能源充电站),汽车服务;充电站;充电站,山头店乡寺门村,新能源重卡充电站,33.82791947221375,113.4654307891693,4051,2,,39
B0MAVB5925,铁门锦阳重卡超充站(星轲能源JM),汽车服务;充电站;充电站,信帮食用菌开发有限公司东南侧220米,新能源重卡充电站,34.75297737846374,112.01116571235656,1325,1,"共2个：
蔚景云汽车充电站(铁门锦阳重卡超充站)
特来电汽车充电站(特来电洛阳新安蔡庄天久重卡充电站)",156
B0LKLN7636,云快充汽车充电站(锦阳重卡超快充电站),汽车服务;充电站;充电站,铁门服务区,新能源重卡充电站,34.75303495884704,112.01129029273986,1334,2,"共2个：
蔚景云汽车充电站(铁门锦阳重卡超充站)
特来电汽车充电站(特来电洛阳新安蔡庄天久重卡充电站)",156
B0LKRZ6259,蔚景云汽车充电站(新安县茗飞重卡充电站二期),汽车服务;充电站;专用充电站,铁门镇S97新伊高速,新能源重卡充电站,34.751283743606564,112.01329367424012,1567,3,"共2个：
蔚景云汽车充电站(铁门锦阳重卡超充站)
特来电汽车充电站(特来电洛阳新安蔡庄天久重卡充电站)",156
B0L1FZWC47,蔚景云汽车充电站(新安县茗飞重卡充电站),汽车服务;充电站;充电站,铁门镇S97新伊高速,新能源重卡充电站,34.75181126405335,112.01395038542177,1606,4,"共2个：
蔚景云汽车充电站(铁门锦阳重卡超充站)
特来电汽车充电站(特来电洛阳新安蔡庄天久重卡充电站)",156
B0LR05N5T5,特来电汽车充电站(特来电新安县茗飞重卡充电站),汽车服务;充电站;专用充电站,铁门镇S97新伊高速,新能源重卡充电站,34.75228415779114,112.0141666224823,1610,5,"共2个：
蔚景云汽车充电站(铁门锦阳重卡超充站)
特来电汽车充电站(特来电洛阳新安蔡庄天久重卡充电站)",156
B0MD95PCIO,特来电汽车充电站(特来电洛阳新安蔡庄天久重卡充电站),汽车服务;充电站;专用充电站,铁门镇G30连霍高速,新能源重卡充电站,34.75757793190003,112.03424655464173,3404,6,"共2个：
蔚景云汽车充电站(铁门锦阳重卡超充站)
特来电汽车充电站(特来电洛阳新安蔡庄天久重卡充电站)",156
B0KK9XSBWM,蔚景云汽车充电站(硕鼎铁门重卡充电站),汽车服务;充电站;充电站,铁门镇恒信化验,新能源重卡充电站,34.747797196273815,112.04480897438047,4460,7,"共2个：
蔚景云汽车充电站(铁门锦阳重卡超充站)
特来电汽车充电站(特来电洛阳新安蔡庄天久重卡充电站)",156
B0K0V5HE45,汽车充电站(超达重卡充电站),汽车服务;充电站;充电站,汽车充电站(超达重卡充电站),新能源重卡充电站,34.74847179437256,112.04514208746338,4476,8,"共2个：
蔚景云汽车充电站(铁门锦阳重卡超充站)
特来电汽车充电站(特来电洛阳新安蔡庄天久重卡充电站)",156
B0LR05MSKW,特来电超级充电站(特来电洛阳超跃新能源科技有限公司充电站),汽车服务;充电站;专用充电站,铁门镇超达停车服务有限公司恒信化验,新能源重卡充电站,34.74778482162476,112.04588631362915,4557,9,"共2个：
蔚景云汽车充电站(铁门锦阳重卡超充站)
特来电汽车充电站(特来电洛阳新安蔡庄天久重卡充电站)",156
B0LAX14N6L,汽车充电站(昌通星星重卡充电站),汽车服务;充电站;充电站,铁门镇多力通轮胎,新能源重卡充电站,34.74789874261475,112.0467791201782,4635,10,"共2个：
蔚景云汽车充电站(铁门锦阳重卡超充站)
特来电汽车充电站(特来电洛阳新安蔡庄天久重卡充电站)",156
B0LU7BWR8T,中国石化汽车充电站(十矿充电站),汽车服务;充电站;充电站,平煤大道与平郏东路交叉口西北角中国石化加油站,新能源重卡充电站,33.768871273422256,113.35472315727232,3355,1,,160
B0J21XHK7Q,特来电充电站(高新智慧物流园店),汽车服务;充电站;充电站,建设路东段高新智慧物流园平煤杭萧工程有限公司南门地面停车场,新能源重卡充电站,33.7360261509552,113.4083931274872,3722,2,,160
B0M1B7XUGM,特来电汽车充电站(平顶山永祥新能源重卡充电站),汽车服务;充电站;专用充电站,光华路街道昆阳大道,新能源重卡充电站,33.7604478620453,113.4366021709442,4283,3,,160
B0LRRKJ1ZP,金冠智充汽车充电站(极闪重卡超充站),汽车服务;充电站;充电站,建设路611号,新能源重卡充电站,33.73254642341614,113.41597550621027,4402,4,,160
B0LRKSIFYB,云快充超级充电站(襄城县润泽充电站),汽车服务;充电站;充电站,紫云大道湛北镇侯楼村润泽加气站,新能源重卡充电站,33.771279092254645,113.44329547470092,4889,5,,160
B0H305AA6U,充电站,汽车服务;充电站;充电站,建设路与建东立交桥交叉口东320米,新能源重卡充电站,33.731072946548466,113.42380016557313,4953,6,,160
B0MGN5PUYT,腾付充汽车充电站(融钰重卡超充站),汽车服务;充电站;充电站,和谐路18号,新能源重卡充电站,33.83897870407104,113.56489221957398,475,1,,161
B0JDOLBMDO,云快充汽车充电站(襄城立交桥店),汽车服务;充电站;充电站,高速收费站西30米(停车场),新能源重卡充电站,33.84859062095643,113.56786034080504,1278,2,,161
B0L3ZC0Y9W,新电途汽车充电站(洛界重卡充电站),汽车服务;充电站;充电站,洛界石化加油站,新能源重卡充电站,33.82019831294251,113.5925813896942,2846,3,,161
B0L2ZX4LMS,480KW洛界重卡超充站,汽车服务;充电站;充电站,325省道西南侧,新能源重卡充电站,33.82005040830993,113.59291563764953,2880,4,,161
B0MUYCQV1H,星星充电汽车充电站(星星充电-绿行能源重卡快速充电站),汽车服务;充电站;充电站,火龙镇兴阳线,新能源重卡充电站,34.18597113360595,113.36498083465575,281,1,,162
B0LDT637RD,星星充电汽车充电站(星星充电-绿行能源重卡快速),生活服务;生活服务场所;生活服务场所,火龙镇兴阳线,新能源重卡充电站,34.185927467391956,113.3647472256622,287,2,,162
B0MUU1YNB2,新电途汽车充电站(恒丰禹州火龙超充一站),汽车服务;充电站;充电站,火龙镇兴阳线,新能源重卡充电站,34.18142150421142,113.37204084014894,582,3,,162
B0L2V57SCZ,新电途汽车充电站(恒丰禹州火龙超充二站),汽车服务;充电站;充电站,火龙镇兴阳线,新能源重卡充电站,34.18142150421142,113.37204084014894,582,4,,162
B0K1R172RZ,新电途汽车充电站(恒丰禹州火龙超充三站),汽车服务;充电站;充电站,火龙镇恒丰公寓,新能源重卡充电站,34.181271199035656,113.3723404586792,614,5,,162
B0KR11PSEY,星星充电汽车充电站(星星充电-火龙红运新能源快充站),汽车服务;充电站;充电站,火龙镇兴阳线,新能源重卡充电站,34.17965969633484,113.3779238306427,1156,6,,162
B0L39PRCEQ,星星充电汽车充电站(星星充电-禹州禹电新能源火龙镇重卡快速充电站),汽车服务;充电站;充电站,火龙镇风神轮胎,新能源重卡充电站,34.192699028671264,113.3587807433319,1219,7,,162
B0K65HJYD1,云快充超级充电站(伟亮云快充超充站),汽车服务;充电站;充电站,S237和谐东路京辉汽修汽配对面,新能源重卡充电站,34.17804596336365,113.3781837162018,1258,8,,162
B0K365FP1O,星星充电汽车充电站(新一代绿能超级充换电站),汽车服务;充电站;充电站,火龙镇燕磨路河南省禹州市火龙镇剑桥幼儿园,新能源重卡充电站,34.19400020304872,113.35712166157528,1426,9,,162
B0MB1PVSXM,星星充电汽车充电站(星星充电-禹州意鑫火龙镇重卡快速充电站),汽车服务;充电站;充电站,意鑫星星充电站,新能源重卡充电站,34.176299996109,113.39662785249324,2908,10,,162
B0MBD7GY1M,新电途汽车充电站(卓言新能源充电站),汽车服务;充电站;充电站,蕴通选煤有限公司东北侧60米,新能源重卡充电站,34.1553091867218,113.3692176016998,3173,11,,162
B0MD95OXK8,特来电汽车充电站(特来电许昌禹州华龙老官陈重卡充电站),汽车服务;充电站;专用充电站,火龙镇华龙老官陈村,新能源重卡充电站,34.21305298240663,113.362806530838,3282,12,,162
